img_name,mean,std
EO_images,74.41403002891708,28.076567764742066
SAR_images,103.74996304915838,31.01402301992835
valid_EO_images,78.29667588271104,29.80623390374575
valid_SAR_images,105.19535904649476,31.912640844701617
test_EO_images,74.21253357672518,28.31137423315249
test_SAR_image,101.00245531141569,30.973919350781657
